date,channel,campaign,region,spend,impressions,clicks,conversions
2025-11-12,Email,Industry Vertical Focus,EMEA,708.28,354140,11828,382
2024-09-06,Webinars,Q4 Renewal Push,North America,2551.15,102046,2220,37
2025-02-01,Events,Partner Co-Marketing,APAC,6161.64,102694,2911,203
2024-05-28,LinkedIn,Security Compliance Push,EMEA,8909.0,494944,12282,335
2026-02-10,Webinars,Cloud Migration Series,APAC,3794.47,151778,2917,182
2024-02-13,Email,AI Solutions Roadshow,North America,1179.72,589860,22165,827
2025-09-12,Google Ads,Q3 Product Launch,EMEA,11514.12,1439265,32864,1263
2026-02-12,Content,Q3 Product Launch,North America,1851.02,370204,8292,126
2025-09-06,LinkedIn,AI Solutions Roadshow,North America,2410.87,133937,4849,97
2025-10-18,LinkedIn,Cloud Migration Series,North America,3822.0,212333,5893,465
2024-12-15,Email,Partner Co-Marketing,EMEA,1496.74,748370,26146,1121
2025-05-14,Webinars,Industry Vertical Focus,EMEA,4130.56,165222,4325,243
2025-08-10,Google Ads,Security Compliance Push,North America,9037.67,1129708,44208,2090
2025-09-23,Content,Q2 Lead Gen,North America,1243.71,248742,3605,108
2025-06-09,Google Ads,Cloud Migration Series,APAC,5511.98,688997,9218,215
2024-11-09,Google Ads,Cloud Migration Series,EMEA,6350.78,793847,11301,448
2025-11-05,Google Ads,Industry Vertical Focus,APAC,3737.07,467133,14923,457
2025-12-04,Content,Cloud Migration Series,EMEA,1926.97,385394,4684,198
2025-06-16,Google Ads,Q2 Lead Gen,EMEA,10811.0,1351375,36961,901
2026-03-19,Content,Cloud Migration Series,North America,2153.95,430789,9646,262
2025-05-10,Content,Annual Summit,APAC,1701.79,340358,5768,160
2024-03-14,Email,Q2 Lead Gen,LATAM,1360.79,680395,26831,274
2024-07-12,Email,Security Compliance Push,EMEA,1588.29,794145,20191,593
2025-08-04,Webinars,Q4 Renewal Push,North America,4335.15,173405,4679,207
2024-04-20,Webinars,AI Solutions Roadshow,North America,1300.45,52018,589,20
2026-03-31,LinkedIn,Q1 Brand Awareness,APAC,3796.96,210942,5104,146
2026-03-13,LinkedIn,AI Solutions Roadshow,North America,8217.44,456524,11335,121
2024-12-11,Events,Annual Summit,North America,9421.06,157017,1996,104
2026-02-08,Email,Partner Co-Marketing,North America,622.54,311270,1806,91
2026-02-19,Google Ads,Q3 Product Launch,APAC,10321.15,1290143,15623,830
2024-06-13,LinkedIn,Industry Vertical Focus,EMEA,8846.44,491468,7097,312
2024-04-07,Google Ads,AI Solutions Roadshow,North America,6811.26,851407,9193,203
2024-08-13,Email,Q2 Lead Gen,North America,1179.09,589545,11927,838
2025-01-30,Webinars,Q4 Renewal Push,North America,3862.43,154497,2981,122
2024-06-02,Content,AI Solutions Roadshow,APAC,2401.67,480334,2788,177
2024-07-29,Content,Security Compliance Push,North America,2700.35,540069,9170,104
2025-06-03,Events,AI Solutions Roadshow,APAC,16445.84,274097,4948,293
2025-09-07,Content,AI Solutions Roadshow,North America,1569.62,313924,3964,137
2024-10-07,Google Ads,Annual Summit,APAC,6042.66,755332,26980,2084
2025-12-03,Events,Q4 Renewal Push,EMEA,6042.14,100702,3016,34
2025-08-08,Email,Cloud Migration Series,North America,948.43,474215,14390,1059
2024-04-01,Webinars,Annual Summit,North America,1827.31,73092,2697,76
2024-06-10,Google Ads,Q4 Renewal Push,APAC,8592.09,1074011,27890,1860
2024-02-07,Webinars,Cloud Migration Series,North America,1684.6,67384,2004,42
2025-09-22,Content,Partner Co-Marketing,North America,790.21,158042,5945,248
2024-10-27,Google Ads,AI Solutions Roadshow,North America,11193.24,1399155,18214,579
2025-06-17,LinkedIn,Q4 Renewal Push,APAC,6270.8,348377,8723,565
2026-01-28,Google Ads,Annual Summit,EMEA,11443.35,1430418,51956,1378
2026-04-07,Google Ads,Industry Vertical Focus,EMEA,3046.87,380858,3257,218
2024-07-02,Events,Q2 Lead Gen,APAC,15426.02,257100,4605,103
2025-06-30,Google Ads,Q4 Renewal Push,APAC,5524.59,690573,7605,221
2026-04-12,LinkedIn,Partner Co-Marketing,EMEA,2209.32,122740,1193,15
2024-06-08,Google Ads,Q4 Renewal Push,APAC,10409.09,1301136,32639,964
2024-09-08,Webinars,Q3 Product Launch,EMEA,3391.27,135650,1447,75
2024-02-13,LinkedIn,AI Solutions Roadshow,North America,3867.86,214881,5052,223
2026-02-11,Webinars,Partner Co-Marketing,EMEA,2301.72,92068,2152,166
2025-06-16,Email,Industry Vertical Focus,EMEA,1392.16,696080,13352,368
2025-02-21,Google Ads,Partner Co-Marketing,APAC,3611.9,451487,2832,42
2025-01-11,Email,Q2 Lead Gen,EMEA,847.89,423945,7698,278
2024-11-18,Webinars,Q4 Renewal Push,APAC,1638.81,65552,2106,131
2025-04-05,Events,Q3 Product Launch,EMEA,10597.87,176631,2394,26
2024-08-20,Webinars,Annual Summit,EMEA,2521.55,100862,2146,154
2025-04-19,Google Ads,AI Solutions Roadshow,LATAM,4755.51,594438,6000,328
2024-04-13,Email,Cloud Migration Series,North America,915.31,457655,8480,472
2025-03-19,LinkedIn,Industry Vertical Focus,North America,7711.88,428437,10413,133
2025-05-05,LinkedIn,Cloud Migration Series,North America,4034.46,224136,5095,54
2024-04-13,Google Ads,Partner Co-Marketing,North America,2636.96,329620,4171,193
2024-01-25,Webinars,AI Solutions Roadshow,North America,3037.5,121500,2082,68
2025-01-11,LinkedIn,Partner Co-Marketing,EMEA,8161.44,453413,14303,576
2025-06-10,LinkedIn,Partner Co-Marketing,EMEA,5877.72,326540,2401,186
2026-04-24,Webinars,Cloud Migration Series,EMEA,2428.31,97132,2942,84
2024-05-25,Google Ads,Q2 Lead Gen,EMEA,5047.29,630911,8017,104
2024-01-13,Google Ads,Q4 Renewal Push,North America,4259.18,532397,17559,1261
2025-03-13,Events,Industry Vertical Focus,North America,22388.57,373142,1873,27
2024-02-08,Email,Security Compliance Push,APAC,600.44,300220,11117,240
2025-11-19,Webinars,Q2 Lead Gen,North America,2497.81,99912,3644,193
2025-01-16,Webinars,Annual Summit,EMEA,2808.7,112348,4105,254
2025-10-08,Content,Cloud Migration Series,EMEA,2202.6,440520,15082,773
2025-11-29,Email,Industry Vertical Focus,APAC,633.98,316990,10626,428
2024-10-05,Email,Partner Co-Marketing,North America,1565.13,782565,31064,422
2025-08-28,Email,Annual Summit,North America,509.4,254700,3267,211
2024-09-11,Webinars,Q3 Product Launch,APAC,3334.78,133391,3028,117
2025-02-13,Webinars,Industry Vertical Focus,North America,1165.57,46622,498,21
2025-11-09,LinkedIn,Cloud Migration Series,APAC,2209.7,122761,2357,94
2025-02-28,Webinars,Q1 Brand Awareness,North America,2183.74,87349,1378,60
2025-05-18,Webinars,Industry Vertical Focus,North America,2393.97,95758,1266,34
2026-04-03,Google Ads,Cloud Migration Series,North America,5540.57,692571,12597,199
2024-03-25,LinkedIn,Q1 Brand Awareness,North America,4885.51,271417,9874,744
2026-03-23,Content,Q3 Product Launch,LATAM,605.01,121002,1357,26
2025-01-10,Content,Cloud Migration Series,EMEA,810.05,162010,1746,55
2024-04-12,LinkedIn,Industry Vertical Focus,North America,2084.5,115805,579,43
2026-03-19,Google Ads,AI Solutions Roadshow,APAC,7107.46,888432,12754,387
2025-06-22,LinkedIn,Industry Vertical Focus,North America,2267.59,125977,3302,93
2025-10-20,Content,Partner Co-Marketing,North America,2055.56,411111,11969,146
2024-12-12,Content,Q3 Product Launch,EMEA,2544.65,508930,8934,407
2024-10-27,Content,AI Solutions Roadshow,North America,2833.19,566638,18585,1287
2025-11-13,Email,Q4 Renewal Push,North America,510.36,255180,2662,41
2025-08-24,LinkedIn,Q3 Product Launch,North America,5032.23,279568,2858,43
2026-02-27,Email,Cloud Migration Series,EMEA,1239.86,619930,12545,233
2025-10-21,Content,Partner Co-Marketing,EMEA,1326.11,265222,7908,574
2025-11-02,LinkedIn,Cloud Migration Series,North America,3178.72,176595,1291,15
2026-04-02,Email,AI Solutions Roadshow,North America,956.95,478475,13417,507
2025-12-27,Email,Security Compliance Push,North America,738.44,369220,14338,567
2024-11-18,Events,Q3 Product Launch,North America,19837.57,330626,12696,496
2025-05-13,Email,Q3 Product Launch,North America,499.64,249820,5732,256
2024-10-11,Google Ads,Q3 Product Launch,North America,9800.26,1225032,33203,1985
2026-03-30,Events,Cloud Migration Series,North America,6808.27,113471,3631,282
2024-07-25,Google Ads,Q3 Product Launch,North America,8723.19,1090398,33561,1521
2025-06-27,Webinars,Partner Co-Marketing,LATAM,3035.87,121434,3209,129
2026-01-18,LinkedIn,Security Compliance Push,LATAM,6055.02,336390,5098,406
2025-04-12,LinkedIn,Annual Summit,North America,4732.82,262934,7085,463
2025-04-30,Webinars,Security Compliance Push,APAC,3022.84,120913,1581,50
2025-08-28,Google Ads,Security Compliance Push,North America,10958.53,1369816,47704,3204
2025-11-15,Events,Annual Summit,North America,4882.27,81371,1059,27
2026-04-21,Webinars,Q4 Renewal Push,North America,2393.64,95745,3691,244
2024-10-07,Events,Partner Co-Marketing,APAC,5113.79,85229,3017,184
2026-02-24,Content,Annual Summit,APAC,2191.95,438390,9812,496
2025-06-30,Content,Partner Co-Marketing,North America,878.09,175618,2321,183
2025-07-28,Content,Cloud Migration Series,North America,2174.65,434930,2390,95
2024-12-02,Content,Q4 Renewal Push,APAC,649.66,129931,1240,77
2024-09-21,Google Ads,Annual Summit,EMEA,6389.53,798691,29318,712
2024-06-16,Email,Q2 Lead Gen,APAC,689.64,344820,13767,804
2025-10-16,LinkedIn,Q2 Lead Gen,LATAM,8087.19,449288,15660,160
2024-09-02,LinkedIn,Annual Summit,LATAM,2616.27,145348,3022,55
2026-02-23,Events,Security Compliance Push,EMEA,14039.84,233997,6201,402
2024-12-30,LinkedIn,Cloud Migration Series,North America,7607.53,422640,10179,280
2024-01-19,Events,Q2 Lead Gen,LATAM,7916.01,131933,2239,104
2025-12-07,Events,Q4 Renewal Push,EMEA,22554.51,375908,10188,123
2025-02-02,Webinars,Q2 Lead Gen,APAC,3611.03,144441,2756,59
2025-09-27,Content,Security Compliance Push,APAC,2394.56,478912,3515,279
2024-08-20,Content,Security Compliance Push,EMEA,1698.85,339770,5530,198
2024-02-12,LinkedIn,Security Compliance Push,North America,5910.76,328375,1838,103
2025-01-16,Content,Cloud Migration Series,North America,2610.05,522010,20324,1429
2024-03-28,Google Ads,Q2 Lead Gen,EMEA,7789.56,973695,8838,172
2025-05-21,Events,Partner Co-Marketing,EMEA,11341.5,189025,5079,62
2025-10-15,Email,Q4 Renewal Push,North America,1372.37,686185,10478,734
2024-02-26,Email,Q3 Product Launch,EMEA,1364.09,682045,27264,808
2025-02-25,LinkedIn,Partner Co-Marketing,North America,5387.67,299315,9234,355
2024-01-27,Email,Cloud Migration Series,North America,439.14,219570,2153,100
2025-09-05,LinkedIn,Cloud Migration Series,North America,8817.4,489855,15616,504
2024-05-06,Google Ads,Industry Vertical Focus,North America,10083.57,1260446,16515,484
2026-02-17,Events,Partner Co-Marketing,APAC,6329.53,105492,3159,238
2025-12-08,Events,Annual Summit,APAC,17431.67,290527,2473,94
2024-02-11,Email,AI Solutions Roadshow,North America,746.58,373290,11548,226
2024-04-06,Events,Q1 Brand Awareness,North America,13957.96,232632,4983,175
2025-07-08,LinkedIn,Annual Summit,North America,8565.53,475862,17286,472
2024-12-08,Google Ads,Q3 Product Launch,EMEA,7862.55,982818,34727,1880
2024-01-18,Webinars,Q4 Renewal Push,EMEA,1325.85,53034,1634,110
2025-11-29,Events,Q4 Renewal Push,LATAM,4901.5,81691,1903,55
2026-03-24,Content,Q4 Renewal Push,EMEA,1170.99,234198,4693,248
2025-02-01,Google Ads,Partner Co-Marketing,North America,3707.62,463452,18111,702
2025-08-15,Email,Annual Summit,North America,1415.86,707930,6628,261
2025-10-25,Events,Security Compliance Push,North America,7000.53,116675,2995,186
2025-12-08,Google Ads,Industry Vertical Focus,North America,8551.88,1068985,9833,560
2024-05-15,Content,Q1 Brand Awareness,North America,1199.99,239998,1591,23
2025-02-08,Google Ads,Q4 Renewal Push,North America,3481.09,435136,2218,54
2024-04-23,Content,Q1 Brand Awareness,North America,1419.26,283852,5860,118
2025-10-25,LinkedIn,Cloud Migration Series,North America,4760.11,264450,7426,427
2025-03-30,Content,Q4 Renewal Push,APAC,950.2,190040,3538,81
2025-11-12,Content,Q4 Renewal Push,EMEA,2877.94,575588,11690,323
2025-03-19,Webinars,Q3 Product Launch,North America,4009.06,160362,1136,47
2024-10-23,Google Ads,AI Solutions Roadshow,North America,5157.22,644652,9618,215
2026-02-26,LinkedIn,Security Compliance Push,APAC,5613.06,311836,7960,273
2025-10-21,Google Ads,Security Compliance Push,North America,10692.94,1336617,45954,3558
2024-10-03,Google Ads,Security Compliance Push,North America,11086.14,1385767,7760,204
2025-05-12,Webinars,Q4 Renewal Push,LATAM,2822.15,112886,3100,62
2024-10-01,Content,Cloud Migration Series,EMEA,2255.78,451156,6547,367
2026-03-29,Email,AI Solutions Roadshow,North America,1045.96,522980,18810,505
2024-10-16,Email,Q4 Renewal Push,APAC,1175.61,587805,14376,761
2026-03-29,Events,Q3 Product Launch,EMEA,23567.07,392784,2010,154
2024-12-01,Content,Partner Co-Marketing,North America,1419.11,283822,6197,143
2026-01-20,Email,AI Solutions Roadshow,North America,1349.88,674940,17222,930
2025-11-16,Events,Industry Vertical Focus,EMEA,6644.93,110748,2382,56
2024-09-07,Email,Q1 Brand Awareness,APAC,776.81,388405,12259,579
2025-05-19,Google Ads,AI Solutions Roadshow,LATAM,2557.74,319717,2452,121
2024-05-20,Google Ads,AI Solutions Roadshow,APAC,4367.61,545951,10609,845
2024-03-15,LinkedIn,Partner Co-Marketing,North America,2777.19,154288,4756,120
2024-04-09,LinkedIn,Annual Summit,North America,6030.0,335000,3085,91
2025-08-25,Webinars,Q4 Renewal Push,North America,4130.96,165238,4364,72
2024-09-13,Events,Partner Co-Marketing,EMEA,22814.82,380247,5111,221
2024-10-10,Events,Q3 Product Launch,EMEA,18160.68,302678,1580,108
2026-04-16,Google Ads,AI Solutions Roadshow,APAC,3360.9,420112,9506,247
2025-08-12,Email,Q1 Brand Awareness,North America,766.67,383335,6705,279
2025-12-13,Google Ads,Q1 Brand Awareness,EMEA,11814.77,1476846,36935,2094
2024-07-16,Google Ads,Q3 Product Launch,North America,2833.96,354245,3995,271
2024-07-21,Google Ads,Annual Summit,EMEA,8751.95,1093993,14109,273
2024-04-30,Content,Q4 Renewal Push,North America,2415.81,483162,15286,1046
2025-03-18,Google Ads,Q2 Lead Gen,APAC,3927.06,490882,8950,196
2024-02-05,Events,Q3 Product Launch,EMEA,21943.69,365728,3217,204
2024-08-04,LinkedIn,Q3 Product Launch,North America,4929.25,273847,8075,174
2025-12-31,Events,Partner Co-Marketing,APAC,14992.62,249877,9128,469
2025-08-22,Email,Security Compliance Push,North America,1596.44,798220,18877,938
2025-04-04,Webinars,Q3 Product Launch,EMEA,3677.4,147096,2172,61
2024-08-07,Content,Q1 Brand Awareness,North America,1309.28,261856,8389,356
2024-04-03,Events,Q2 Lead Gen,APAC,7234.16,120569,829,51
2025-06-30,LinkedIn,Partner Co-Marketing,EMEA,8347.2,463733,11743,723
2024-05-18,LinkedIn,Partner Co-Marketing,North America,8105.75,450319,14843,398
2024-02-21,Events,Industry Vertical Focus,EMEA,6224.12,103735,2475,39
2025-06-21,Events,Q2 Lead Gen,North America,11175.86,186264,1819,40
2025-03-13,Webinars,Q4 Renewal Push,North America,3660.9,146436,4313,70
2024-05-31,Events,Security Compliance Push,North America,18641.66,310694,7498,462
2024-11-25,Webinars,Q3 Product Launch,EMEA,4374.49,174979,2942,36
2024-01-12,LinkedIn,Q1 Brand Awareness,APAC,7006.25,389236,3085,66
2026-01-30,Content,Industry Vertical Focus,North America,2251.1,450219,9827,652
2025-03-25,Events,Cloud Migration Series,North America,16912.24,281870,10965,129
2024-06-02,Email,Cloud Migration Series,North America,467.4,233700,8646,477
2026-02-09,Email,Annual Summit,North America,1018.59,509295,5183,294
2025-07-06,Webinars,Annual Summit,EMEA,4084.09,163363,1254,27
2026-02-20,Email,Partner Co-Marketing,EMEA,374.35,187175,3421,43
2025-03-21,Webinars,Q1 Brand Awareness,North America,1051.96,42078,1185,85
2025-01-21,Email,Cloud Migration Series,North America,1246.59,623295,9117,186
2025-01-21,Events,Q2 Lead Gen,North America,7666.04,127767,1843,47
2024-11-25,Email,Q1 Brand Awareness,North America,1371.62,685810,22275,807
2024-02-12,Events,Q1 Brand Awareness,EMEA,5818.31,96971,1190,46
2025-09-20,Events,Security Compliance Push,EMEA,19901.25,331687,1855,99
2025-10-13,Events,Q3 Product Launch,North America,5965.67,99427,3288,246
2025-02-05,Email,Partner Co-Marketing,North America,1031.42,515710,12132,125
2025-10-02,Content,Annual Summit,LATAM,2145.07,429014,10365,447
2024-09-11,Events,Q4 Renewal Push,North America,19465.97,324432,7621,110
2024-10-01,Google Ads,Q3 Product Launch,EMEA,3758.41,469801,8927,512
2026-01-13,Google Ads,Partner Co-Marketing,EMEA,8827.15,1103393,33729,1299
2024-06-11,LinkedIn,Q4 Renewal Push,APAC,7246.65,402591,3851,233
2025-06-25,Webinars,Q4 Renewal Push,North America,4261.92,170476,2355,99
2024-02-11,Webinars,Annual Summit,APAC,3103.35,124134,1301,99
2025-01-17,Email,Q1 Brand Awareness,North America,1329.48,664740,20101,720
2025-07-10,Content,Q3 Product Launch,North America,2902.12,580424,21417,249
2024-03-27,Webinars,AI Solutions Roadshow,North America,3668.17,146726,5165,237
2026-04-14,Events,Partner Co-Marketing,APAC,5231.85,87197,1125,19
2024-09-04,Events,Partner Co-Marketing,EMEA,20743.98,345733,5061,307
2024-05-17,Webinars,Industry Vertical Focus,APAC,1096.59,43863,1275,16
2025-12-04,Content,Q1 Brand Awareness,LATAM,1299.3,259860,3160,79
2026-02-22,Email,Q4 Renewal Push,APAC,649.88,324940,5208,310
2025-02-08,Content,Q4 Renewal Push,APAC,2534.28,506856,4131,246
2025-04-10,Events,Security Compliance Push,EMEA,19917.56,331959,7984,418
2024-07-22,Google Ads,Industry Vertical Focus,North America,8916.32,1114540,24787,481
2025-10-21,Email,Q4 Renewal Push,North America,840.51,420255,2612,40
2024-03-26,Events,Partner Co-Marketing,EMEA,23264.66,387744,15393,256
2025-05-27,Webinars,Partner Co-Marketing,EMEA,2726.15,109046,577,42
2024-08-01,LinkedIn,Q1 Brand Awareness,EMEA,4209.04,233835,4565,221
2025-09-03,Events,Q1 Brand Awareness,North America,12043.99,200733,4321,255
2024-09-27,Content,Annual Summit,APAC,2030.57,406114,15681,1153
2024-01-04,Events,Q4 Renewal Push,North America,16507.06,275117,4705,338
2024-03-19,Email,Industry Vertical Focus,North America,477.66,238830,5590,357
2024-10-20,LinkedIn,Partner Co-Marketing,North America,3465.72,192540,4533,154
2024-01-28,Events,Q3 Product Launch,APAC,12619.76,210329,2307,139
2024-08-08,Events,Industry Vertical Focus,EMEA,6211.23,103520,2152,72
2025-03-04,LinkedIn,Q2 Lead Gen,North America,2062.68,114593,3565,218
2024-05-13,Events,Partner Co-Marketing,North America,19145.19,319086,10860,587
2026-03-07,Email,Q4 Renewal Push,EMEA,826.24,413120,8360,546
2024-02-17,Events,Q2 Lead Gen,North America,7272.7,121211,3916,44
2024-02-13,Google Ads,Q1 Brand Awareness,EMEA,4350.55,543818,10153,730
2024-03-31,LinkedIn,AI Solutions Roadshow,North America,5080.53,282251,4576,284
2024-04-12,Google Ads,Q4 Renewal Push,North America,5669.12,708640,4834,193
2025-07-17,Google Ads,AI Solutions Roadshow,EMEA,7059.71,882463,30586,1214
2025-07-28,Content,Q3 Product Launch,EMEA,2961.41,592281,20196,612
2024-02-11,LinkedIn,Q4 Renewal Push,North America,5792.62,321812,10550,833
2026-03-09,Google Ads,Cloud Migration Series,North America,6978.11,872263,24727,1199
2025-06-25,Google Ads,AI Solutions Roadshow,North America,4643.98,580497,10507,637
2024-02-24,LinkedIn,Cloud Migration Series,EMEA,6796.56,377586,9892,131
2025-01-12,Events,Industry Vertical Focus,EMEA,20223.1,337051,5056,114
2024-01-17,Content,Security Compliance Push,LATAM,1998.96,399792,4316,271
2025-12-24,Events,Industry Vertical Focus,APAC,12878.17,214636,5764,383
2026-03-10,Content,Annual Summit,APAC,2140.2,428039,13518,841
2025-11-23,Content,Security Compliance Push,North America,1853.31,370662,3736,242
2025-08-16,Webinars,Industry Vertical Focus,North America,2042.85,81714,702,8
2025-05-27,Email,Industry Vertical Focus,EMEA,1567.81,783905,9254,205
2024-07-13,LinkedIn,Q3 Product Launch,APAC,7610.96,422831,5414,349
2026-03-05,Webinars,AI Solutions Roadshow,EMEA,4261.41,170456,1179,63
2024-01-24,Events,Security Compliance Push,North America,17092.6,284876,5982,234
2024-02-01,Content,Security Compliance Push,North America,1118.18,223636,5514,439
2024-08-21,Events,Industry Vertical Focus,North America,17666.81,294446,7680,271
2024-09-06,Events,Q3 Product Launch,EMEA,15574.14,259569,1456,98
2024-10-18,LinkedIn,Cloud Migration Series,LATAM,8188.44,454913,4150,82
2025-12-12,Events,Industry Vertical Focus,North America,5374.85,89580,2970,192
2025-02-19,Events,Cloud Migration Series,EMEA,7614.96,126916,3570,59
2025-07-17,Webinars,Industry Vertical Focus,North America,2312.38,92495,698,47
2024-01-16,Events,Security Compliance Push,APAC,6686.45,111440,3796,272
2026-02-23,Google Ads,Partner Co-Marketing,North America,5633.78,704222,26291,484
2024-07-15,Email,AI Solutions Roadshow,EMEA,627.97,313985,10320,327
2025-06-05,Email,Q1 Brand Awareness,APAC,1385.64,692820,7446,466
2024-01-02,LinkedIn,Partner Co-Marketing,North America,4612.85,256269,9221,132
2024-02-26,LinkedIn,AI Solutions Roadshow,EMEA,2340.41,130022,3691,247
2024-12-08,LinkedIn,Q1 Brand Awareness,APAC,4501.38,250076,1740,96
2024-03-23,Email,Industry Vertical Focus,North America,1264.29,632145,4362,168
2024-06-30,Content,Partner Co-Marketing,North America,1997.91,399582,8197,317
2024-05-27,LinkedIn,Cloud Migration Series,North America,3814.56,211920,1184,52
2025-03-29,Events,Annual Summit,North America,5917.09,98618,3747,269
2026-01-13,Webinars,AI Solutions Roadshow,EMEA,2979.02,119160,2032,99
2024-04-04,Content,Security Compliance Push,EMEA,2582.41,516482,19264,1437
2024-06-13,Events,Industry Vertical Focus,North America,19732.61,328876,1906,144
2025-11-21,Events,Annual Summit,North America,8549.16,142486,1723,45
2024-05-15,Email,Cloud Migration Series,EMEA,539.2,269600,4600,355
2024-04-21,Webinars,Partner Co-Marketing,APAC,2514.18,100567,1224,97
2024-06-17,Content,Q2 Lead Gen,North America,992.12,198424,3629,91
2025-03-08,Google Ads,Partner Co-Marketing,LATAM,5450.46,681307,14559,702
2024-12-19,Webinars,Q2 Lead Gen,North America,2455.16,98206,3554,171
2024-11-10,Email,Industry Vertical Focus,North America,1550.38,775190,27332,891
2024-05-24,Webinars,Annual Summit,EMEA,4305.24,172209,1430,41
2024-02-24,Google Ads,Security Compliance Push,North America,4801.21,600151,5135,220
2024-04-20,Google Ads,Security Compliance Push,EMEA,7196.72,899590,20662,1530
2024-03-17,LinkedIn,Q3 Product Launch,EMEA,8122.91,451272,16380,839
2026-04-27,Google Ads,Q2 Lead Gen,EMEA,4906.54,613317,23042,907
2025-08-09,Events,Cloud Migration Series,EMEA,14233.07,237217,7257,380
2024-08-27,Webinars,Q4 Renewal Push,APAC,2778.55,111142,3965,275
2024-06-30,Events,Cloud Migration Series,North America,11298.65,188310,4714,195
2026-01-26,LinkedIn,Security Compliance Push,APAC,6038.0,335444,10120,404
2025-11-28,LinkedIn,Security Compliance Push,EMEA,2239.84,124435,4371,195
2025-02-18,Events,Q3 Product Launch,APAC,5096.87,84947,2697,97
2024-05-27,LinkedIn,Q3 Product Launch,North America,6330.06,351670,5794,122
2025-02-06,Content,Cloud Migration Series,North America,1404.12,280823,11123,840
2025-12-04,Email,AI Solutions Roadshow,EMEA,1257.59,628795,14650,936
2024-06-27,LinkedIn,Industry Vertical Focus,North America,5888.64,327146,12729,799
2024-02-10,Events,Industry Vertical Focus,EMEA,17891.75,298195,3945,211
2025-07-08,Email,Partner Co-Marketing,APAC,1539.95,769975,7269,540
2024-12-04,LinkedIn,Industry Vertical Focus,EMEA,3454.55,191919,6613,266
2026-01-06,Events,Annual Summit,EMEA,10403.86,173397,1655,118
2024-12-11,Content,Industry Vertical Focus,EMEA,2110.84,422168,11674,348
2025-04-07,Content,Partner Co-Marketing,EMEA,2909.83,581966,18210,227
2025-11-01,Webinars,Q2 Lead Gen,North America,1510.23,60409,2194,83
2025-02-03,Webinars,Q4 Renewal Push,EMEA,4301.83,172073,1985,149
2025-04-07,Email,AI Solutions Roadshow,APAC,1553.31,776655,5608,302
2025-04-17,Webinars,Industry Vertical Focus,EMEA,2233.35,89334,915,49
2025-03-22,Events,Security Compliance Push,EMEA,7755.17,129252,4419,143
2025-08-13,Google Ads,Security Compliance Push,LATAM,2766.53,345816,9515,307
2025-06-20,LinkedIn,AI Solutions Roadshow,EMEA,6712.84,372935,12207,437
2025-12-13,Email,Q1 Brand Awareness,EMEA,1430.77,715385,22495,839
2026-01-15,Events,Cloud Migration Series,EMEA,15728.51,262141,1591,29
2024-10-13,Events,Q3 Product Launch,APAC,11378.52,189642,3434,94
2025-06-20,Webinars,Security Compliance Push,EMEA,1570.3,62812,1090,73
2024-10-28,Google Ads,Q4 Renewal Push,EMEA,3677.74,459717,10869,546
2024-10-02,Webinars,Q4 Renewal Push,APAC,1564.88,62595,2417,180
2024-04-15,Email,AI Solutions Roadshow,North America,421.9,210950,6079,200
2025-06-29,Email,Security Compliance Push,North America,1529.63,764815,14239,1107
2024-06-24,Webinars,Industry Vertical Focus,North America,3324.98,132999,2263,118
2025-12-03,Email,Q2 Lead Gen,North America,1589.03,794515,18001,885
2025-02-04,Email,Cloud Migration Series,North America,1146.65,573325,13279,1021
2025-07-26,Email,Q1 Brand Awareness,EMEA,1287.66,643830,20638,621
2024-09-24,Google Ads,Q1 Brand Awareness,North America,8430.03,1053753,9693,555
2025-06-08,Events,Q2 Lead Gen,APAC,6973.38,116223,2538,111
2024-02-18,Google Ads,Partner Co-Marketing,APAC,5602.71,700338,9286,608
2024-03-29,Email,Q4 Renewal Push,North America,432.91,216455,3306,57
2026-04-27,Email,Q4 Renewal Push,North America,1253.03,626515,11160,803
2026-04-17,Webinars,Security Compliance Push,EMEA,4226.19,169047,1421,93
2025-04-03,Email,Q1 Brand Awareness,North America,1114.59,557295,21369,437
2025-10-20,LinkedIn,Annual Summit,LATAM,7505.67,416981,2598,90
2025-04-12,Webinars,Industry Vertical Focus,EMEA,4391.53,175661,5157,240
2025-07-28,LinkedIn,Industry Vertical Focus,EMEA,2747.77,152653,3317,96
2024-05-12,Google Ads,Partner Co-Marketing,EMEA,10621.95,1327743,22825,488
2024-05-20,Email,Partner Co-Marketing,APAC,1356.02,678010,13550,190
2024-11-28,Events,Partner Co-Marketing,North America,19282.37,321372,7668,226
2024-06-20,Google Ads,Security Compliance Push,EMEA,7298.0,912250,35952,2607
2024-10-13,Events,Cloud Migration Series,EMEA,12901.72,215028,3812,269
2026-03-17,Content,Industry Vertical Focus,North America,1804.87,360974,5652,299
2024-05-01,LinkedIn,AI Solutions Roadshow,LATAM,1982.85,110158,4146,43
2024-02-10,LinkedIn,Q3 Product Launch,APAC,4482.03,249001,3245,179
2024-08-25,LinkedIn,Q4 Renewal Push,North America,8117.08,450948,16192,1099
2026-03-29,Email,Cloud Migration Series,North America,327.13,163565,2763,34
2024-07-27,Content,AI Solutions Roadshow,EMEA,1037.16,207432,1765,55
2025-06-16,Events,Industry Vertical Focus,North America,16059.52,267658,10660,472
2025-05-26,Content,Q4 Renewal Push,North America,2757.29,551458,17982,1085
2024-10-26,Content,AI Solutions Roadshow,North America,615.28,123056,2192,100
2026-01-26,Content,Q3 Product Launch,APAC,1290.99,258197,9873,146
2024-08-11,Google Ads,Partner Co-Marketing,APAC,3416.27,427033,4133,283
2024-05-09,Google Ads,Industry Vertical Focus,North America,10475.2,1309400,6871,215
2024-04-04,LinkedIn,AI Solutions Roadshow,EMEA,8175.47,454192,10530,411
2025-05-16,Google Ads,Q4 Renewal Push,EMEA,6846.59,855823,5004,107
2025-04-27,Webinars,Partner Co-Marketing,EMEA,3221.35,128853,1442,32
2024-12-24,Webinars,Security Compliance Push,North America,3508.83,140353,2485,134
2025-05-10,Google Ads,AI Solutions Roadshow,North America,7883.7,985462,6054,120
2024-04-02,Events,Security Compliance Push,North America,17427.41,290456,3903,66
2024-02-24,Events,Q3 Product Launch,EMEA,23238.73,387312,10685,238
2025-04-13,Content,Q4 Renewal Push,North America,2489.31,497861,15180,1135
2025-11-02,Events,Q3 Product Launch,LATAM,22580.87,376347,6173,136
2025-08-13,Events,Industry Vertical Focus,North America,12709.25,211820,2328,39
2025-03-13,Email,Industry Vertical Focus,North America,708.09,354045,8624,173
2024-06-19,Email,Cloud Migration Series,EMEA,632.99,316495,7980,579
2024-07-27,Email,Partner Co-Marketing,APAC,661.48,330740,3067,186
2025-04-19,Content,Security Compliance Push,North America,2539.78,507956,7692,584
2025-08-07,Email,Annual Summit,APAC,1059.34,529670,20316,911
2026-01-02,Content,Q2 Lead Gen,North America,1672.38,334476,11328,795
2025-03-25,LinkedIn,Q3 Product Launch,EMEA,4969.02,276056,2946,97
2025-11-13,Events,Security Compliance Push,APAC,22284.74,371412,11200,279
2025-12-25,Email,Q3 Product Launch,EMEA,1034.64,517320,19153,517
2024-06-01,LinkedIn,Q2 Lead Gen,North America,4423.01,245722,7499,456
2024-02-25,Events,Q4 Renewal Push,North America,21760.73,362678,5181,252
2025-09-13,Content,Security Compliance Push,EMEA,1814.2,362840,9039,311
2024-08-03,Content,Cloud Migration Series,EMEA,1457.67,291534,3873,183
2024-03-03,LinkedIn,Q4 Renewal Push,North America,8841.53,491196,6518,242
2024-03-24,Events,Industry Vertical Focus,North America,13636.12,227268,3895,276
2024-08-03,Content,Industry Vertical Focus,APAC,2682.22,536444,3111,63
2025-08-14,Google Ads,Industry Vertical Focus,EMEA,8774.48,1096810,9034,216
2024-10-10,Content,Partner Co-Marketing,North America,2068.99,413797,4912,50
2025-03-01,Webinars,Q2 Lead Gen,North America,2969.07,118762,980,76
2024-05-28,Webinars,Q1 Brand Awareness,EMEA,3455.78,138231,1250,26
2025-12-04,Content,Security Compliance Push,North America,2406.38,481276,4758,85
2026-02-28,Content,Q2 Lead Gen,North America,1518.2,303640,2628,194
2024-02-12,LinkedIn,Industry Vertical Focus,EMEA,5014.74,278596,8442,475
2025-06-25,Webinars,Q4 Renewal Push,North America,3072.87,122914,3753,47
2025-08-08,Google Ads,AI Solutions Roadshow,North America,4400.66,550082,3008,67
2025-10-28,Content,Annual Summit,APAC,848.71,169742,5389,160
2024-04-12,LinkedIn,Annual Summit,North America,5820.38,323354,6084,284
2024-12-11,LinkedIn,Industry Vertical Focus,EMEA,8870.28,492793,5053,151
2024-05-11,LinkedIn,Industry Vertical Focus,North America,7897.49,438749,17466,602
2025-01-24,LinkedIn,Q1 Brand Awareness,APAC,3345.25,185847,5267,272
2024-05-11,Content,Industry Vertical Focus,EMEA,641.01,128202,1077,83
2024-05-01,Google Ads,Annual Summit,North America,11377.62,1422202,34473,1646
2025-01-31,Email,Q3 Product Launch,North America,354.61,177305,6729,485
2026-03-08,Google Ads,Q1 Brand Awareness,North America,7025.78,878222,6045,112
2025-09-20,Google Ads,Security Compliance Push,North America,7150.63,893828,6355,330
2024-03-03,Webinars,Q2 Lead Gen,North America,3914.11,156564,905,23
2024-05-09,Email,Partner Co-Marketing,EMEA,1473.43,736715,12512,353
2024-06-11,Content,Q1 Brand Awareness,North America,2304.8,460960,6910,189
2024-05-07,LinkedIn,Industry Vertical Focus,North America,8316.69,462038,17779,880
2026-02-25,Content,Security Compliance Push,North America,2743.3,548660,8662,125
2025-03-29,Events,Cloud Migration Series,North America,12963.27,216054,2384,64
2025-05-06,LinkedIn,Q3 Product Launch,APAC,3607.92,200440,4048,71
2025-07-22,LinkedIn,Q2 Lead Gen,APAC,5502.12,305673,1942,23
2026-01-24,Webinars,Partner Co-Marketing,North America,2461.63,98465,1444,109
2025-05-15,Google Ads,AI Solutions Roadshow,EMEA,7625.98,953247,22010,1471
2025-11-17,Email,Security Compliance Push,North America,1078.72,539360,19090,335
2024-12-16,Content,Q1 Brand Awareness,EMEA,1069.17,213834,1386,57
2024-09-09,LinkedIn,Security Compliance Push,EMEA,4191.4,232855,9059,606
2024-10-21,Email,Partner Co-Marketing,LATAM,949.8,474900,5690,216
2024-04-26,Content,Q4 Renewal Push,North America,1956.31,391262,4444,209
2025-06-24,Content,Cloud Migration Series,North America,2288.18,457635,11837,529
2024-07-28,LinkedIn,Partner Co-Marketing,North America,3232.55,179586,5115,363
2024-07-24,Events,AI Solutions Roadshow,North America,20349.43,339157,12839,956
2025-03-23,Webinars,AI Solutions Roadshow,APAC,1157.85,46313,1180,55
2026-04-30,Google Ads,Security Compliance Push,North America,2952.78,369097,5281,206
2024-04-12,Email,Cloud Migration Series,EMEA,351.91,175955,1297,23
2025-04-02,Events,Security Compliance Push,EMEA,7187.01,119783,1656,18
2025-11-01,Email,Industry Vertical Focus,North America,1303.39,651695,15850,1068
2025-07-30,Content,Annual Summit,EMEA,1356.11,271222,7694,458
2024-11-20,Google Ads,Q1 Brand Awareness,North America,8244.95,1030618,6520,334
2025-10-24,Events,Security Compliance Push,APAC,12384.0,206400,5410,428
2025-10-16,Google Ads,Q2 Lead Gen,North America,8067.04,1008380,29223,1956
2025-01-26,Events,Partner Co-Marketing,EMEA,6759.46,112657,4143,318
2024-06-01,Google Ads,Security Compliance Push,North America,2871.4,358925,7823,223
2024-08-26,Google Ads,Cloud Migration Series,North America,4424.98,553122,16101,741
2025-08-28,Events,Annual Summit,EMEA,22309.82,371830,14816,610
2024-01-16,LinkedIn,Annual Summit,North America,4901.67,272315,10778,605
2024-01-27,Google Ads,Security Compliance Push,North America,6823.12,852890,31252,2159
2024-04-18,LinkedIn,AI Solutions Roadshow,North America,2940.18,163343,4620,55
2026-04-02,Content,Annual Summit,North America,2834.13,566826,21413,1628
2026-03-29,LinkedIn,Q4 Renewal Push,North America,6853.08,380726,10101,463
2025-05-31,Events,Security Compliance Push,APAC,22030.98,367183,2909,119
2024-01-23,Content,Partner Co-Marketing,EMEA,2010.35,402070,6088,342
2024-02-01,LinkedIn,Partner Co-Marketing,APAC,8237.98,457665,7159,140
2026-02-15,LinkedIn,Security Compliance Push,APAC,8160.78,453376,10549,650
2024-08-26,Events,Security Compliance Push,LATAM,11976.95,199615,7513,358
2024-03-04,LinkedIn,Annual Summit,EMEA,4815.27,267515,4335,245
2026-04-28,Google Ads,Q4 Renewal Push,North America,3217.23,402153,10395,170
2025-10-25,Content,Q2 Lead Gen,APAC,1826.16,365232,8213,551
2024-10-03,Google Ads,Industry Vertical Focus,EMEA,7773.01,971626,22020,934
2026-02-09,Webinars,Industry Vertical Focus,APAC,3239.37,129574,4493,253
2024-02-21,Email,Q1 Brand Awareness,EMEA,613.55,306775,2799,205
2024-03-31,Events,AI Solutions Roadshow,North America,13001.27,216687,4832,234
2024-09-11,Google Ads,Security Compliance Push,North America,10980.12,1372515,40053,1965
2024-12-07,Content,AI Solutions Roadshow,North America,2469.67,493934,10426,686
2026-04-04,Content,AI Solutions Roadshow,North America,2136.0,427200,15365,1149
2025-12-19,Content,Annual Summit,APAC,1503.16,300632,7256,438
2025-09-18,Webinars,Q1 Brand Awareness,North America,2681.19,107247,1105,45
2024-06-05,Events,Cloud Migration Series,North America,7532.92,125548,4939,172
2026-02-17,Google Ads,AI Solutions Roadshow,North America,7648.43,956053,4791,372
2026-03-19,Google Ads,Annual Summit,EMEA,7513.95,939243,21192,1122
2025-03-22,Google Ads,Annual Summit,North America,3852.85,481606,19053,893
2025-09-08,Events,Q2 Lead Gen,North America,16766.19,279436,2017,62
2024-08-07,LinkedIn,Industry Vertical Focus,APAC,8958.39,497688,6813,383
2025-09-06,Content,Q3 Product Launch,LATAM,2695.52,539104,16181,284
2024-08-06,Webinars,AI Solutions Roadshow,APAC,2082.89,83315,3277,42
2024-09-17,Email,Partner Co-Marketing,EMEA,832.78,416390,13445,793
2024-06-18,Email,Annual Summit,APAC,954.36,477180,6764,359
2025-03-15,Email,Q1 Brand Awareness,APAC,1212.18,606090,8834,575
2025-03-02,Webinars,Q2 Lead Gen,EMEA,3485.98,139439,5072,381
2024-03-07,Events,Q3 Product Launch,EMEA,16215.31,270255,6773,326
2024-02-12,Events,Partner Co-Marketing,LATAM,18806.13,313435,11070,468
2025-07-18,Google Ads,Q2 Lead Gen,North America,6651.37,831421,16195,1123
2024-04-17,Google Ads,Cloud Migration Series,EMEA,11223.52,1402940,37782,2882
2025-07-13,Webinars,Industry Vertical Focus,EMEA,3053.27,122130,4522,266
2025-08-18,Webinars,Industry Vertical Focus,EMEA,1976.89,79075,1797,89
2025-12-06,LinkedIn,Cloud Migration Series,North America,3680.78,204487,3266,183
2024-04-23,LinkedIn,Industry Vertical Focus,North America,6113.58,339643,3844,265
2026-03-10,Webinars,Cloud Migration Series,North America,4149.19,165967,5994,78
2024-04-26,LinkedIn,Security Compliance Push,North America,6715.92,373106,2673,182
2025-07-04,Events,AI Solutions Roadshow,North America,10836.25,180604,3499,208
2024-05-08,LinkedIn,Partner Co-Marketing,EMEA,4159.11,231061,6003,219
2024-01-08,LinkedIn,Q1 Brand Awareness,EMEA,6489.56,360531,5602,109
2025-06-27,Events,Annual Summit,North America,10431.69,173861,3159,114
2024-10-07,Content,Partner Co-Marketing,EMEA,1635.22,327044,6333,208
2025-03-22,Email,Q3 Product Launch,North America,1331.84,665920,10572,419
2025-01-07,Webinars,Security Compliance Push,North America,4021.47,160858,4020,260
2024-11-11,Email,Q4 Renewal Push,North America,968.22,484110,12732,506
2024-09-05,Email,Annual Summit,APAC,1441.13,720565,23356,1630
2024-07-07,Webinars,Cloud Migration Series,EMEA,1070.76,42830,808,26
2025-09-14,Email,Q4 Renewal Push,APAC,331.72,165860,6239,248
2024-07-10,LinkedIn,Q3 Product Launch,North America,3103.52,172417,5460,227
2025-05-04,Content,Security Compliance Push,North America,922.41,184482,2962,43
2024-01-29,LinkedIn,Q2 Lead Gen,North America,6905.81,383656,3259,117
2025-05-30,Email,Partner Co-Marketing,APAC,1138.45,569225,22636,236
2025-07-03,LinkedIn,Q2 Lead Gen,EMEA,5517.15,306508,5781,345
2025-07-26,Google Ads,Q4 Renewal Push,APAC,4059.74,507467,13114,995
2025-03-30,LinkedIn,Annual Summit,North America,8958.36,497686,9604,272
2024-06-17,Content,AI Solutions Roadshow,North America,2353.07,470614,17498,240
2025-06-25,Email,Q4 Renewal Push,EMEA,1452.16,726080,12325,494
2025-12-14,Events,AI Solutions Roadshow,APAC,15019.97,250332,5292,182
2026-04-18,Content,Q3 Product Launch,North America,1235.35,247070,5680,179
2024-05-06,Content,Partner Co-Marketing,EMEA,1158.15,231630,3787,104
2026-03-27,Email,Q1 Brand Awareness,North America,1529.05,764525,10631,592
2024-10-19,Content,Security Compliance Push,North America,949.54,189908,2257,161
2024-04-24,Google Ads,Q4 Renewal Push,North America,9244.08,1155510,23873,1525
2025-09-21,Content,Security Compliance Push,EMEA,2089.9,417980,14021,223
2025-03-24,Webinars,Q4 Renewal Push,North America,1913.01,76520,2100,130
2025-05-16,Google Ads,Q1 Brand Awareness,North America,10393.0,1299125,30998,1796
2026-04-19,LinkedIn,Security Compliance Push,North America,1890.83,105046,2521,166
2024-03-09,Events,AI Solutions Roadshow,LATAM,20672.67,344544,4796,287
2024-07-18,LinkedIn,AI Solutions Roadshow,EMEA,7508.35,417130,5436,328
2025-05-30,Google Ads,Annual Summit,EMEA,4602.6,575325,19947,1429
2024-01-13,LinkedIn,Q2 Lead Gen,EMEA,6949.12,386062,7285,314
2024-10-20,Events,Q2 Lead Gen,APAC,11430.54,190509,2101,58
2025-11-17,Email,Annual Summit,North America,388.46,194230,4585,308
2025-01-05,Content,Q2 Lead Gen,EMEA,2086.9,417380,8665,562
2024-04-19,LinkedIn,Cloud Migration Series,North America,6089.45,338302,3433,144
2025-05-29,Events,Annual Summit,APAC,18918.55,315309,10448,519
2025-03-11,Events,Partner Co-Marketing,EMEA,7776.07,129601,4670,272
2024-03-03,Email,Cloud Migration Series,EMEA,1219.94,609970,20929,362
2025-04-05,Content,Q3 Product Launch,North America,1158.12,231623,7726,543
2025-09-04,Events,AI Solutions Roadshow,EMEA,8160.57,136009,1309,31
2025-07-24,Content,Q4 Renewal Push,EMEA,990.56,198112,2623,130
2024-04-15,Google Ads,Q2 Lead Gen,LATAM,8731.5,1091437,24556,919
2026-04-16,Google Ads,Industry Vertical Focus,North America,4055.06,506882,17914,1338
2025-12-29,Events,Partner Co-Marketing,APAC,8021.44,133690,1235,82
2024-01-16,Google Ads,Q4 Renewal Push,North America,2420.28,302535,2180,101
2025-04-17,Webinars,AI Solutions Roadshow,North America,4083.34,163333,3720,201
2025-11-18,Events,Security Compliance Push,EMEA,7136.69,118944,2874,193
2024-07-12,Email,AI Solutions Roadshow,APAC,689.62,344810,12793,338
2025-07-20,Email,Cloud Migration Series,EMEA,1140.68,570340,4549,207
2024-02-18,Webinars,Annual Summit,North America,3523.78,140951,4928,270
2024-07-18,Email,Annual Summit,North America,1577.53,788765,12678,726
2024-04-10,LinkedIn,Q1 Brand Awareness,North America,7366.28,409237,2288,156
2025-02-17,Google Ads,Q1 Brand Awareness,North America,10229.57,1278696,48617,3727
2025-08-25,Webinars,Security Compliance Push,APAC,2046.55,81862,2996,39
2025-03-19,Content,AI Solutions Roadshow,North America,820.87,164174,895,49
2025-01-14,Email,Q2 Lead Gen,EMEA,1221.22,610610,22112,1680
2024-10-15,LinkedIn,Security Compliance Push,EMEA,2524.12,140228,3715,277
2025-08-28,Email,Industry Vertical Focus,EMEA,989.17,494585,2733,175
2026-02-17,Google Ads,AI Solutions Roadshow,North America,4342.1,542762,13237,482
2026-01-13,Events,Industry Vertical Focus,EMEA,7858.67,130977,3437,223
2025-06-24,Google Ads,Partner Co-Marketing,North America,7732.04,966505,35199,1745
2025-04-28,Events,Security Compliance Push,APAC,6194.84,103247,626,41
2025-03-15,Google Ads,Cloud Migration Series,EMEA,3144.33,393041,8217,299
2025-12-10,Events,Q4 Renewal Push,North America,22910.75,381845,3682,263
2026-02-21,Email,Security Compliance Push,APAC,1127.76,563880,14213,968
2024-07-10,Webinars,Q1 Brand Awareness,North America,1156.88,46275,1615,102
2025-08-08,Email,Q3 Product Launch,APAC,1323.48,661740,11674,533
2024-04-30,Webinars,Security Compliance Push,EMEA,3365.35,134614,3834,75
2024-10-30,Webinars,Industry Vertical Focus,North America,1142.69,45707,1095,72
2025-10-22,Events,Q3 Product Launch,North America,16484.19,274736,7068,535
2025-03-22,Email,Q3 Product Launch,North America,1092.04,546020,11855,543
2024-03-17,Webinars,Q1 Brand Awareness,APAC,3983.38,159335,5890,167
2026-01-18,Email,Annual Summit,APAC,454.7,227350,5541,319
2025-01-16,Webinars,Q1 Brand Awareness,North America,3623.85,144954,1366,94
2024-05-24,Google Ads,Cloud Migration Series,EMEA,2400.58,300072,7534,570
2024-02-20,LinkedIn,AI Solutions Roadshow,North America,6869.71,381650,6478,189
2024-02-24,Webinars,Q3 Product Launch,North America,1358.76,54350,1884,80
2024-06-30,Events,Q3 Product Launch,APAC,16531.71,275528,9935,715
2024-10-13,LinkedIn,Q1 Brand Awareness,North America,5545.23,308068,11733,788
2024-07-06,Google Ads,Annual Summit,EMEA,4707.56,588445,5748,226
2025-02-02,Events,Cloud Migration Series,North America,6065.49,101091,3287,249
2025-10-18,Content,Q1 Brand Awareness,North America,1978.47,395694,15477,816
2025-04-19,LinkedIn,Q2 Lead Gen,North America,4877.31,270961,8444,110
2025-01-06,Google Ads,Security Compliance Push,North America,7867.31,983413,11787,144
2024-03-13,Webinars,Industry Vertical Focus,North America,931.76,37270,1434,40
2025-12-18,Content,Q2 Lead Gen,APAC,1977.61,395522,6300,376
2025-12-16,Email,Q4 Renewal Push,APAC,500.29,250145,6219,266
2025-08-30,Events,Industry Vertical Focus,North America,21263.29,354388,6046,312
2024-10-12,Webinars,Q2 Lead Gen,North America,3459.11,138364,5337,349
2025-06-11,Google Ads,Security Compliance Push,North America,5384.2,673025,16048,399
2026-02-28,Content,Q2 Lead Gen,North America,1397.5,279500,2901,186
2025-11-10,Events,AI Solutions Roadshow,North America,8316.98,138616,2964,91
2026-03-13,Content,Cloud Migration Series,North America,1857.64,371528,13317,358
2024-06-04,Webinars,Partner Co-Marketing,North America,3914.4,156576,6148,248
2026-02-02,Webinars,Security Compliance Push,North America,2808.8,112352,4453,355
2024-11-02,Events,Partner Co-Marketing,North America,10629.88,177164,1982,130
2025-01-26,Content,Annual Summit,North America,930.96,186192,1240,41
2025-04-01,Webinars,Annual Summit,EMEA,2265.03,90601,1876,62
2024-03-22,Email,AI Solutions Roadshow,North America,1042.65,521325,15911,169
2024-02-04,Events,Cloud Migration Series,APAC,11031.41,183856,1192,64
2024-11-12,Content,Q1 Brand Awareness,EMEA,2040.21,408042,14743,250
2024-03-26,LinkedIn,Security Compliance Push,APAC,8578.11,476561,3963,313
2024-01-20,Google Ads,Cloud Migration Series,APAC,9159.93,1144991,23565,877
2025-12-04,Content,Q3 Product Launch,North America,657.1,131420,3955,142
2024-08-27,Email,Annual Summit,EMEA,426.44,213220,2387,23
2024-03-25,Content,Q3 Product Launch,North America,2762.68,552536,17942,1309
2024-12-31,LinkedIn,Q1 Brand Awareness,North America,4807.3,267072,8929,663
2024-03-21,Email,Q2 Lead Gen,North America,1424.41,712205,26755,1965
2024-12-21,Content,Industry Vertical Focus,North America,2120.92,424184,11290,138
2024-10-16,LinkedIn,Security Compliance Push,North America,4989.18,277176,3241,61
2025-09-01,Events,Q1 Brand Awareness,APAC,18399.3,306655,7864,280
2024-01-29,Google Ads,Q2 Lead Gen,North America,11832.64,1479080,22296,1280
2024-08-09,Email,Q1 Brand Awareness,North America,1468.5,734250,6717,197
2024-05-09,LinkedIn,Q4 Renewal Push,North America,5446.67,302592,8913,563
2024-03-06,LinkedIn,Partner Co-Marketing,North America,6216.7,345372,2860,72
2025-10-31,Email,Industry Vertical Focus,EMEA,543.06,271530,6541,223
2026-02-07,Google Ads,Cloud Migration Series,EMEA,5668.49,708561,4676,173
2024-02-04,LinkedIn,AI Solutions Roadshow,LATAM,5899.64,327757,8264,455
2025-02-11,Events,AI Solutions Roadshow,APAC,22249.6,370826,8960,135
2025-01-31,Content,Security Compliance Push,EMEA,705.81,141161,4141,111
2025-05-05,Events,Annual Summit,EMEA,7205.88,120098,4340,109
2024-07-17,Events,Annual Summit,North America,18218.67,303644,12002,844
2024-01-22,LinkedIn,AI Solutions Roadshow,EMEA,4514.23,250790,8697,182
2024-12-01,LinkedIn,Q4 Renewal Push,North America,4305.16,239175,1288,57
2025-01-23,Email,Annual Summit,North America,820.69,410345,6157,259
2024-09-17,Google Ads,Industry Vertical Focus,North America,4192.99,524123,19993,1183
2024-06-02,Google Ads,Q4 Renewal Push,North America,10617.71,1327213,9875,608
2024-02-02,Events,Q1 Brand Awareness,EMEA,21933.06,365551,12561,166
2024-09-07,LinkedIn,Partner Co-Marketing,EMEA,4780.83,265601,3682,40
2024-04-29,LinkedIn,AI Solutions Roadshow,North America,3383.6,187977,1835,137
2024-10-15,Content,Cloud Migration Series,LATAM,2816.47,563294,11817,742
2025-07-30,Events,Partner Co-Marketing,EMEA,21258.43,354307,12444,200
2025-08-30,Content,Industry Vertical Focus,APAC,1348.04,269608,5077,132
2024-09-03,Webinars,Q3 Product Launch,APAC,3994.3,159772,1589,57
2025-06-17,Google Ads,Q2 Lead Gen,North America,11839.71,1479963,53496,3137
2024-05-09,LinkedIn,Security Compliance Push,North America,7568.3,420461,14491,373
2026-02-08,Events,Q1 Brand Awareness,North America,13083.82,218063,8397,142
2026-03-25,Events,Q3 Product Launch,North America,22212.56,370209,8646,161
2025-08-09,Webinars,Q1 Brand Awareness,EMEA,2870.71,114828,2317,148
2025-05-30,Webinars,Q4 Renewal Push,EMEA,2049.75,81990,1989,121
2024-11-16,Events,Security Compliance Push,EMEA,13832.55,230542,6833,113
2025-07-23,Events,Q1 Brand Awareness,EMEA,19207.92,320131,10263,761
2025-05-05,Events,Industry Vertical Focus,APAC,6089.64,101494,3985,209
2024-06-07,Events,Industry Vertical Focus,EMEA,8109.66,135161,3084,102
2024-11-14,LinkedIn,Q2 Lead Gen,LATAM,2794.34,155241,4701,203
2024-01-02,LinkedIn,Q3 Product Launch,EMEA,6228.3,346016,8229,442
2024-08-22,Google Ads,Q3 Product Launch,North America,3251.33,406416,5997,474
2025-11-01,Google Ads,Q3 Product Launch,APAC,10658.44,1332305,41530,607
2025-01-03,Events,Industry Vertical Focus,EMEA,18261.14,304352,8692,534
2026-01-22,LinkedIn,Q3 Product Launch,North America,3296.58,183143,1240,93
2025-12-13,Google Ads,Q4 Renewal Push,APAC,3653.61,456701,9299,326
2024-05-10,Content,Q2 Lead Gen,North America,2322.85,464570,2996,192
2024-05-13,Events,Q2 Lead Gen,North America,21817.65,363627,7000,263
2024-01-03,Content,Q1 Brand Awareness,North America,2503.31,500662,6547,445
2025-04-12,Webinars,Cloud Migration Series,North America,2937.66,117506,3100,79
2026-02-25,LinkedIn,Q1 Brand Awareness,EMEA,8932.81,496267,4038,233
2026-04-12,Content,Q2 Lead Gen,EMEA,1507.49,301498,7924,556
2024-06-11,Events,Partner Co-Marketing,North America,22926.96,382116,2300,62
2026-01-29,Events,Annual Summit,North America,12232.31,203871,2176,108
2026-03-31,Google Ads,Q2 Lead Gen,North America,2534.32,316790,2203,84
2025-01-12,Webinars,AI Solutions Roadshow,EMEA,3531.06,141242,5110,188
2025-12-18,Webinars,Q3 Product Launch,North America,2682.75,107310,2015,71
2024-11-06,Events,Annual Summit,APAC,19837.87,330631,5130,64
2025-03-17,Webinars,Q4 Renewal Push,EMEA,3008.4,120336,1395,35
2025-03-02,Email,Q1 Brand Awareness,North America,1093.78,546890,5936,138
2024-06-21,Webinars,Q3 Product Launch,North America,3815.76,152630,1235,96
2024-09-18,Google Ads,AI Solutions Roadshow,EMEA,11228.5,1403562,43313,3285
2025-07-22,Content,Cloud Migration Series,North America,963.13,192626,5542,385
2025-10-13,LinkedIn,Partner Co-Marketing,EMEA,8633.83,479657,12372,718
2024-04-10,Content,Industry Vertical Focus,APAC,954.05,190810,2557,81
2026-04-20,Content,Q2 Lead Gen,EMEA,1970.14,394028,7214,183
2025-07-27,Email,Q4 Renewal Push,APAC,1241.81,620905,24019,713
2025-04-16,Google Ads,Cloud Migration Series,EMEA,5900.84,737605,9776,265
2024-07-26,LinkedIn,Q4 Renewal Push,North America,6886.12,382562,6811,386
2025-05-26,Webinars,Q1 Brand Awareness,North America,3410.06,136402,2447,104
2026-01-15,Webinars,Industry Vertical Focus,EMEA,2637.82,105512,3467,132
2025-12-30,Content,Annual Summit,EMEA,2862.58,572516,21221,710
2024-07-23,Email,Q4 Renewal Push,North America,1042.33,521164,20684,599
2025-01-30,Content,Industry Vertical Focus,APAC,1517.54,303508,10088,405
2024-10-14,Google Ads,Q2 Lead Gen,North America,5141.29,642661,3710,218
2024-01-09,Events,Cloud Migration Series,APAC,22787.45,379790,14089,443
2024-03-30,Email,Q3 Product Launch,APAC,1082.81,541405,8829,669
2025-08-12,Webinars,AI Solutions Roadshow,North America,2452.33,98093,877,65
2024-01-14,Webinars,Annual Summit,North America,2175.16,87006,2619,207
2024-09-29,Google Ads,AI Solutions Roadshow,North America,10210.92,1276365,8733,495
2024-09-28,Content,Partner Co-Marketing,EMEA,1194.75,238950,8698,659
2026-04-16,LinkedIn,Annual Summit,APAC,8180.14,454452,5668,377
2025-04-08,Events,AI Solutions Roadshow,North America,19590.14,326502,4215,325
2025-11-28,LinkedIn,Q1 Brand Awareness,EMEA,6741.06,374503,3471,263
2026-04-21,Email,Q3 Product Launch,North America,473.92,236960,4239,205
2024-04-04,Events,Annual Summit,North America,8815.01,146916,4928,276
2026-01-26,Google Ads,AI Solutions Roadshow,APAC,7252.67,906583,19149,549
2025-11-27,Content,Security Compliance Push,North America,1793.33,358666,9862,211
2025-10-25,Content,Q1 Brand Awareness,EMEA,1586.21,317242,5377,333
2024-05-31,Google Ads,Security Compliance Push,EMEA,3667.75,458468,9191,530
2025-02-20,Google Ads,Q4 Renewal Push,EMEA,3470.16,433770,16000,883
2024-02-17,Content,Cloud Migration Series,APAC,2552.81,510562,19215,276
2025-01-11,Email,Partner Co-Marketing,EMEA,378.41,189205,1113,22
2025-11-29,Google Ads,Q3 Product Launch,North America,4188.56,523570,11104,769
2024-07-18,LinkedIn,AI Solutions Roadshow,North America,3968.09,220449,8568,500
2024-05-06,Google Ads,AI Solutions Roadshow,EMEA,8424.45,1053056,8466,673
2024-02-05,Google Ads,Q2 Lead Gen,North America,8375.37,1046921,18098,376
2026-03-05,Webinars,Q3 Product Launch,APAC,974.3,38972,1074,54
2025-10-08,Webinars,Q4 Renewal Push,North America,3411.36,136454,5297,183
2025-11-06,Content,Q4 Renewal Push,APAC,956.06,191212,1965,115
2026-04-14,Webinars,Q4 Renewal Push,EMEA,1549.17,61966,1442,75
2024-01-02,Email,Cloud Migration Series,APAC,1204.72,602360,20474,1325
2024-08-15,Email,Q4 Renewal Push,North America,861.73,430865,3467,119
2024-02-05,Webinars,AI Solutions Roadshow,North America,1052.32,42092,1648,21
2024-07-10,Webinars,Industry Vertical Focus,EMEA,4257.82,170312,5408,359
2026-04-29,Google Ads,AI Solutions Roadshow,North America,2535.93,316991,2968,112
2024-12-28,Content,Partner Co-Marketing,North America,2910.59,582118,16719,906
2024-07-06,Content,Q2 Lead Gen,LATAM,1783.19,356638,11691,632
2025-12-25,Email,Partner Co-Marketing,APAC,1317.57,658785,14326,468
2026-02-10,Email,Q3 Product Launch,North America,1573.99,786995,30492,2401
2024-06-05,Google Ads,Q3 Product Launch,APAC,7280.24,910030,24767,1555
2024-10-26,Email,Q3 Product Launch,North America,1587.7,793850,27810,1380
2026-01-04,Content,Q3 Product Launch,North America,2900.05,580010,11122,404
2026-04-20,Events,Cloud Migration Series,North America,17396.92,289948,10585,285
2025-10-12,Content,Security Compliance Push,APAC,1187.14,237428,8292,149
2024-02-26,Email,AI Solutions Roadshow,EMEA,949.47,474735,4110,109
2025-05-12,Content,Cloud Migration Series,North America,1941.34,388268,6084,112
2025-07-29,Email,Q3 Product Launch,North America,1164.79,582395,7391,273
2025-02-14,Content,Q1 Brand Awareness,EMEA,1288.38,257676,4889,244
2026-01-07,Webinars,Cloud Migration Series,North America,1984.69,79387,1166,50
2025-01-05,Email,Annual Summit,EMEA,1343.08,671540,25375,1425
2025-01-12,LinkedIn,AI Solutions Roadshow,LATAM,3727.21,207067,1596,101
2025-11-20,Email,Cloud Migration Series,North America,341.64,170820,6434,105
2026-01-08,Webinars,Industry Vertical Focus,LATAM,2960.09,118403,2460,110
2026-04-04,Google Ads,Q1 Brand Awareness,EMEA,2405.07,300633,2945,81
2025-03-21,Google Ads,Q1 Brand Awareness,North America,10722.02,1340252,29974,584
2025-11-08,LinkedIn,Q3 Product Launch,North America,8573.77,476320,11910,745
2025-03-16,Events,AI Solutions Roadshow,EMEA,15677.37,261289,5457,68
2025-06-19,Webinars,Q4 Renewal Push,North America,2380.8,95232,3453,90
2026-03-28,Events,Q3 Product Launch,North America,17319.06,288651,8262,98
2024-12-13,Content,Industry Vertical Focus,LATAM,1883.44,376688,8147,392
2024-12-26,Google Ads,Q4 Renewal Push,APAC,8975.4,1121925,40954,2411
2024-11-12,Google Ads,Q2 Lead Gen,EMEA,8447.67,1055958,19406,613
2024-02-01,Events,Industry Vertical Focus,EMEA,8288.43,138140,1293,17
2024-05-03,Events,Q2 Lead Gen,North America,5251.56,87526,1507,100
2024-10-05,Email,Industry Vertical Focus,EMEA,1343.41,671705,10037,105
2024-02-21,LinkedIn,Q3 Product Launch,North America,5841.09,324505,6116,193
2025-11-12,Webinars,Security Compliance Push,North America,2894.83,115793,2982,222
2024-04-01,Webinars,Q4 Renewal Push,North America,2103.41,84136,2454,30
2024-12-04,LinkedIn,Q1 Brand Awareness,North America,4341.62,241201,7107,305
2024-02-08,Events,AI Solutions Roadshow,LATAM,15648.89,260814,6931,536
2025-03-27,LinkedIn,Q2 Lead Gen,APAC,5871.12,326173,5718,285
2025-01-24,Google Ads,Cloud Migration Series,North America,9069.33,1133666,29219,1762
2024-07-02,Email,Cloud Migration Series,North America,997.14,498570,10566,604
2025-03-12,Email,Q4 Renewal Push,LATAM,1412.26,706130,18707,1386
2025-09-27,Events,Industry Vertical Focus,APAC,16545.1,275751,4743,140
2025-11-04,Webinars,Q4 Renewal Push,North America,2043.03,81721,1157,84
2024-10-26,Content,Q4 Renewal Push,North America,1217.75,243550,1839,133
2025-09-18,LinkedIn,AI Solutions Roadshow,EMEA,6145.06,341392,4629,243
2025-12-23,Email,Annual Summit,EMEA,684.91,342455,8603,248
2025-02-23,Email,Q1 Brand Awareness,EMEA,1185.31,592655,16599,818
2024-05-29,Google Ads,Q1 Brand Awareness,EMEA,7204.84,900605,8547,518
2026-01-10,Google Ads,Industry Vertical Focus,EMEA,7518.51,939813,30044,1399
2024-10-03,LinkedIn,Q4 Renewal Push,North America,8764.83,486935,19438,1228
2025-04-01,Google Ads,Q1 Brand Awareness,EMEA,3505.38,438172,9532,124
2024-11-30,Email,Partner Co-Marketing,North America,687.44,343720,10257,398
2024-12-10,Webinars,Industry Vertical Focus,North America,3617.67,144706,912,9
2024-11-05,Email,Industry Vertical Focus,North America,709.61,354805,13309,271
2025-09-17,Google Ads,Industry Vertical Focus,North America,2662.9,332862,12117,863
2024-04-19,Google Ads,Q2 Lead Gen,North America,10692.23,1336528,22274,836
2024-12-30,Events,Industry Vertical Focus,North America,11150.73,185845,3123,179
2025-04-27,LinkedIn,Partner Co-Marketing,APAC,8790.14,488341,3789,190
2024-08-11,LinkedIn,Annual Summit,EMEA,5778.36,321020,3730,218
2025-02-10,Webinars,Q4 Renewal Push,North America,1664.33,66573,1595,57
2024-07-28,Email,Q3 Product Launch,North America,841.47,420735,15839,979
2024-02-04,Google Ads,Q4 Renewal Push,North America,5210.45,651306,9300,228
2024-04-20,LinkedIn,Annual Summit,North America,5045.49,280305,7086,321
2025-12-10,Content,AI Solutions Roadshow,APAC,1896.65,379330,2268,110
2025-10-28,Email,Q3 Product Launch,EMEA,679.14,339570,10650,821
2024-06-05,Content,Q2 Lead Gen,EMEA,2933.47,586694,11930,358
2025-04-21,Email,Q4 Renewal Push,LATAM,706.69,353345,12173,171
2024-08-21,Events,Cloud Migration Series,APAC,7936.69,132278,4434,233
2024-10-14,Webinars,AI Solutions Roadshow,North America,2458.56,98342,1650,117
2026-02-15,Google Ads,Q4 Renewal Push,North America,7395.01,924376,9582,627
2024-01-10,Google Ads,Q1 Brand Awareness,North America,6252.22,781527,31028,778
2024-01-11,Google Ads,Q1 Brand Awareness,North America,4834.93,604366,12930,190
2025-12-09,LinkedIn,AI Solutions Roadshow,APAC,4429.44,246079,8256,335
2025-03-13,Google Ads,Security Compliance Push,EMEA,5734.79,716848,24002,658
2026-02-05,LinkedIn,Q3 Product Launch,North America,4465.4,248077,1727,131
2024-06-26,Google Ads,Industry Vertical Focus,EMEA,4879.83,609978,13460,356
2024-08-09,Email,Q3 Product Launch,North America,1011.44,505720,10643,811
2026-03-29,Events,Q1 Brand Awareness,North America,18579.83,309663,11927,671
2024-05-15,Email,Q1 Brand Awareness,APAC,394.87,197435,6614,400
2024-09-22,Content,Partner Co-Marketing,EMEA,2462.85,492570,4214,312
2025-10-19,Content,Security Compliance Push,North America,1225.08,245016,2132,138
2025-09-07,Google Ads,Annual Summit,North America,5853.7,731712,17529,833
2025-03-27,Google Ads,Security Compliance Push,EMEA,5658.99,707373,25131,364
2024-06-08,Email,Industry Vertical Focus,North America,1543.41,771705,24978,849
2025-02-07,Events,Annual Summit,EMEA,22365.28,372754,11318,229
2024-09-10,Webinars,Q4 Renewal Push,EMEA,2468.82,98752,3153,48
2024-07-09,LinkedIn,Q3 Product Launch,North America,8851.15,491730,4510,189
2025-06-09,LinkedIn,Q4 Renewal Push,EMEA,8874.15,493008,12003,798
2026-01-30,Events,Q1 Brand Awareness,EMEA,21904.42,365073,13309,556
2024-02-20,Webinars,Annual Summit,EMEA,3688.74,147549,5553,288
2024-12-26,LinkedIn,Industry Vertical Focus,LATAM,6244.2,346900,10166,228
2024-11-21,Content,Q2 Lead Gen,EMEA,1014.39,202878,2023,89
2025-02-01,Content,Annual Summit,North America,1938.14,387628,4404,50
2024-10-23,Google Ads,Q3 Product Launch,North America,4091.02,511377,14712,852
2024-09-23,Events,AI Solutions Roadshow,APAC,8493.27,141554,1675,103
2025-12-09,Events,Q4 Renewal Push,North America,10366.02,172767,2690,192
2024-01-19,Email,Partner Co-Marketing,APAC,958.84,479420,12451,928
2024-01-13,Email,Security Compliance Push,North America,532.75,266375,9351,495
2025-01-21,Events,Cloud Migration Series,North America,19508.9,325148,5190,338
2025-04-03,Webinars,Annual Summit,EMEA,4061.28,162451,3070,167
2024-08-02,Google Ads,Industry Vertical Focus,EMEA,6375.5,796937,11460,477
2025-05-24,Webinars,Cloud Migration Series,APAC,1443.26,57730,1013,21
2025-03-04,LinkedIn,AI Solutions Roadshow,North America,2402.75,133486,4449,86
2025-10-31,Email,Industry Vertical Focus,EMEA,521.81,260904,6715,122
2024-11-26,Webinars,Q4 Renewal Push,North America,2961.77,118470,1901,107
2025-08-18,Webinars,Q4 Renewal Push,North America,2510.72,100428,3033,63
2025-02-22,Google Ads,Industry Vertical Focus,EMEA,8775.17,1096896,42108,547
2025-01-21,LinkedIn,Cloud Migration Series,EMEA,6289.22,349401,2078,118
2024-12-13,LinkedIn,Q4 Renewal Push,North America,2570.18,142787,3985,251
2024-02-11,LinkedIn,Annual Summit,EMEA,7932.01,440667,5665,395
2024-03-06,Content,Q2 Lead Gen,North America,964.42,192884,7376,163
2024-03-19,Email,Annual Summit,EMEA,1486.97,743485,6648,239
2024-06-06,Webinars,Partner Co-Marketing,North America,2638.25,105530,2010,145
2024-04-16,Events,Q2 Lead Gen,EMEA,9833.16,163886,3901,145
2024-11-08,Google Ads,Q1 Brand Awareness,North America,6127.36,765920,19110,863
2025-05-24,Webinars,Partner Co-Marketing,EMEA,3808.32,152332,3538,227
2025-02-01,Content,AI Solutions Roadshow,North America,2688.52,537704,16783,1078
2024-05-01,Events,AI Solutions Roadshow,EMEA,8980.06,149667,4197,74
2024-05-24,Content,AI Solutions Roadshow,APAC,1029.71,205942,2423,27
2025-12-07,LinkedIn,Q1 Brand Awareness,North America,6204.49,344693,8140,534
2024-04-25,Email,Security Compliance Push,APAC,1493.81,746905,18592,1307
2024-04-24,LinkedIn,Security Compliance Push,APAC,5014.9,278605,9441,362
2025-09-16,Events,Industry Vertical Focus,North America,18060.57,301009,2522,53
2025-12-16,Google Ads,Q2 Lead Gen,EMEA,2591.06,323882,4105,165
2025-02-23,LinkedIn,Q3 Product Launch,EMEA,2249.19,124955,2146,51
2024-06-14,Events,Cloud Migration Series,North America,12403.77,206729,7350,75
2025-10-08,LinkedIn,Cloud Migration Series,APAC,3745.1,208061,7494,546
2025-07-17,Content,Q1 Brand Awareness,APAC,1927.56,385512,4111,161
2026-04-09,Events,Q3 Product Launch,EMEA,15639.46,260657,6881,97
2025-02-11,Events,AI Solutions Roadshow,North America,13581.86,226364,4587,124
2024-08-20,Google Ads,Partner Co-Marketing,LATAM,4385.37,548171,19472,1025
2025-01-29,Content,Q4 Renewal Push,North America,1760.77,352154,12855,203
2024-12-10,Content,Q2 Lead Gen,APAC,2912.34,582468,21526,1345
2026-02-25,Webinars,Q3 Product Launch,North America,1248.74,49949,1008,31
2026-03-06,LinkedIn,Q1 Brand Awareness,LATAM,3167.08,175948,4967,324
2024-07-24,Google Ads,Industry Vertical Focus,North America,8861.06,1107632,38457,2352
2024-08-17,Email,Q3 Product Launch,EMEA,1088.11,544055,19022,893
2024-11-29,Content,Q1 Brand Awareness,North America,2749.57,549914,12238,203
2024-02-14,Webinars,Cloud Migration Series,APAC,1468.01,58720,1598,120
2025-06-19,LinkedIn,Annual Summit,North America,2340.43,130023,1230,64
2025-02-23,LinkedIn,Security Compliance Push,APAC,6802.51,377917,6550,337
2025-08-16,Events,Q4 Renewal Push,EMEA,10539.04,175650,4940,111
2025-11-22,LinkedIn,Q3 Product Launch,EMEA,4513.47,250748,7361,497
2025-06-30,Webinars,Q3 Product Launch,EMEA,2125.73,85029,2893,56
2025-04-03,Google Ads,Annual Summit,EMEA,8094.5,1011812,36616,782
2024-11-29,Google Ads,Industry Vertical Focus,North America,6577.49,822186,22426,1423
2026-01-25,Email,Q3 Product Launch,EMEA,1098.02,549010,11296,609
2024-05-26,Events,AI Solutions Roadshow,North America,23778.49,396308,6205,394
2025-08-10,Events,AI Solutions Roadshow,EMEA,15598.77,259979,6334,327
2024-11-10,Content,Security Compliance Push,North America,1444.66,288932,7692,384
2025-02-19,Email,Q2 Lead Gen,LATAM,567.73,283865,7462,337
2024-11-05,LinkedIn,AI Solutions Roadshow,EMEA,3880.62,215590,4536,345
2024-12-17,Google Ads,AI Solutions Roadshow,EMEA,7549.77,943721,22330,1782
2024-10-26,Events,Partner Co-Marketing,North America,10368.3,172804,923,48
2025-11-09,Content,Partner Co-Marketing,APAC,2702.01,540402,8880,195
2024-02-02,Google Ads,AI Solutions Roadshow,North America,6803.34,850417,16059,486
2025-09-08,LinkedIn,Q1 Brand Awareness,APAC,3089.82,171656,4070,112
2025-06-16,LinkedIn,Q4 Renewal Push,North America,8116.27,450903,11299,263
2025-11-12,LinkedIn,Cloud Migration Series,EMEA,6600.65,366702,8775,233
2025-09-01,Content,Security Compliance Push,North America,2651.07,530214,21112,1028
2025-03-01,Google Ads,Q1 Brand Awareness,North America,11617.26,1452157,47326,3505
2024-02-18,LinkedIn,Q4 Renewal Push,North America,4283.38,237965,4441,255
2024-04-14,Events,Industry Vertical Focus,North America,8703.47,145057,5351,409
2025-01-31,Email,Q2 Lead Gen,EMEA,1302.09,651045,7620,309
2025-07-08,Content,Annual Summit,North America,1966.76,393352,8886,387
2026-01-08,LinkedIn,Q2 Lead Gen,EMEA,2966.37,164798,5889,390
2024-02-01,LinkedIn,Q4 Renewal Push,North America,8197.6,455422,4235,110
2024-10-29,Email,Annual Summit,North America,1081.99,540995,3524,154
2025-11-12,Email,AI Solutions Roadshow,EMEA,1509.28,754640,25391,919
2024-11-04,LinkedIn,AI Solutions Roadshow,North America,7402.46,411247,3737,275
2025-09-17,Events,AI Solutions Roadshow,APAC,7429.0,123816,4659,297
2024-07-07,Google Ads,Q2 Lead Gen,EMEA,5585.14,698142,8755,476
2025-11-06,Email,Security Compliance Push,APAC,651.03,325515,5128,374
2024-11-06,Events,Annual Summit,EMEA,11053.06,184217,4772,248
2024-11-30,Google Ads,Q2 Lead Gen,APAC,10250.7,1281337,30371,968
2025-05-15,LinkedIn,Q3 Product Launch,North America,7046.31,391461,4946,107
2026-04-28,Events,Q1 Brand Awareness,North America,9583.43,159723,1512,34
2024-04-03,LinkedIn,Security Compliance Push,North America,7407.37,411520,4119,320
2025-05-21,Google Ads,AI Solutions Roadshow,APAC,7546.29,943286,22728,619
2024-12-20,Events,Cloud Migration Series,EMEA,10967.6,182793,2991,67
2025-11-15,Email,Q3 Product Launch,EMEA,763.23,381615,11428,364
2025-02-19,LinkedIn,Partner Co-Marketing,North America,4451.35,247297,1963,28
2024-12-10,LinkedIn,Partner Co-Marketing,APAC,2139.58,118865,1877,30
2025-04-03,Webinars,Annual Summit,North America,1690.73,67629,1204,30
2026-03-01,Google Ads,Annual Summit,North America,7477.67,934708,28992,1775
2024-04-24,Webinars,Q2 Lead Gen,North America,1936.99,77479,2572,128
2024-07-23,Email,Annual Summit,APAC,1091.88,545940,3429,89
2025-06-06,Events,Q1 Brand Awareness,North America,7196.39,119939,1513,23
2026-03-17,LinkedIn,Q4 Renewal Push,North America,6439.03,357723,13287,1044
2025-03-13,LinkedIn,Partner Co-Marketing,EMEA,5651.62,313978,3493,258
2024-03-10,Email,Q3 Product Launch,EMEA,928.28,464140,2477,168
2025-03-21,Google Ads,Cloud Migration Series,EMEA,5409.22,676152,6273,366
2025-02-22,Email,Q4 Renewal Push,APAC,1253.04,626520,13715,910
2025-06-08,LinkedIn,Q2 Lead Gen,EMEA,8017.03,445390,7780,451
2024-07-11,Email,Annual Summit,APAC,955.6,477800,14684,601
2025-01-22,Google Ads,Industry Vertical Focus,APAC,8052.96,1006620,7333,232
2024-08-02,Webinars,Q3 Product Launch,EMEA,2906.08,116243,4196,226
2025-03-16,Email,Cloud Migration Series,North America,1072.05,536025,13670,164
2024-02-07,LinkedIn,Q1 Brand Awareness,EMEA,5789.55,321641,7008,353
2025-06-28,Google Ads,Cloud Migration Series,North America,9161.01,1145126,27380,1058
2025-06-18,Email,Annual Summit,North America,697.36,348680,5123,387
2026-03-06,Events,Annual Summit,EMEA,22831.93,380532,13081,694
2025-04-13,Events,Cloud Migration Series,North America,15571.97,259532,9262,626
2025-05-17,Email,Industry Vertical Focus,North America,985.47,492735,18768,1162
2025-08-29,LinkedIn,Q3 Product Launch,North America,4975.97,276442,7030,430
2025-09-15,Content,Q2 Lead Gen,APAC,1318.18,263636,6305,345
2025-04-07,LinkedIn,Security Compliance Push,North America,4162.8,231266,5855,181
2024-09-25,Email,Q2 Lead Gen,APAC,1337.35,668675,8167,365
2024-06-12,Events,AI Solutions Roadshow,LATAM,6812.37,113539,1291,32
2024-01-31,Google Ads,Partner Co-Marketing,EMEA,9619.06,1202382,41737,750
2024-03-24,Events,Q4 Renewal Push,EMEA,23728.13,395468,13525,210
2024-12-10,Events,Q1 Brand Awareness,APAC,5235.15,87252,2863,160
2026-01-07,Events,Q3 Product Launch,APAC,13349.66,222494,5606,201
2024-05-31,Events,AI Solutions Roadshow,APAC,16035.86,267264,3403,222
2024-04-01,Content,Cloud Migration Series,EMEA,1892.31,378462,2166,131
2026-02-05,LinkedIn,Cloud Migration Series,North America,6648.01,369333,2104,130
2024-05-04,Events,Q4 Renewal Push,APAC,6332.55,105542,1446,101
2024-05-08,Events,Security Compliance Push,North America,17209.31,286821,4597,84
2026-01-10,Webinars,Q1 Brand Awareness,EMEA,3309.1,132364,2181,103
2024-04-13,Events,Q2 Lead Gen,North America,11092.61,184876,6614,204
2026-01-01,Webinars,Q4 Renewal Push,North America,4068.33,162733,6125,402
2025-06-27,Webinars,Q4 Renewal Push,North America,2295.24,91809,3399,52
2025-12-07,Email,Partner Co-Marketing,EMEA,833.21,416605,5660,196
2026-03-28,Events,Q1 Brand Awareness,EMEA,16831.32,280522,6749,528
2026-02-08,Webinars,Q2 Lead Gen,North America,4243.8,169752,3524,95
2025-10-28,Email,AI Solutions Roadshow,APAC,626.44,313220,6908,158
2024-12-21,LinkedIn,Q2 Lead Gen,North America,3571.92,198440,7635,404
2025-11-06,Google Ads,Partner Co-Marketing,APAC,6926.75,865843,9835,117
2024-06-11,Events,Industry Vertical Focus,North America,19501.62,325027,5927,61
2024-09-12,Email,Q3 Product Launch,EMEA,803.47,401735,5592,82
2025-12-22,Content,AI Solutions Roadshow,North America,2743.92,548784,14718,864
2024-11-27,Content,Q4 Renewal Push,North America,2693.26,538652,14661,454
2026-04-28,Email,Q1 Brand Awareness,LATAM,1553.07,776535,4901,278
2025-07-13,LinkedIn,Q3 Product Launch,EMEA,3340.75,185597,2643,116
2024-08-01,Webinars,Q3 Product Launch,APAC,2672.07,106882,917,49
2025-11-23,Email,Security Compliance Push,North America,1286.37,643185,8391,270
2024-08-04,LinkedIn,Industry Vertical Focus,North America,7540.47,418915,8229,313
2025-12-12,Content,Industry Vertical Focus,EMEA,2260.93,452186,2317,51
2025-06-01,Events,Annual Summit,APAC,14575.63,242927,7721,548
2026-02-11,Email,Q2 Lead Gen,APAC,623.53,311765,10631,350
2026-02-05,Webinars,Q3 Product Launch,APAC,1313.97,52558,751,17
2025-10-19,Webinars,Partner Co-Marketing,LATAM,4347.62,173904,5670,357
2026-04-20,Email,Q1 Brand Awareness,North America,1532.3,766150,19669,1243
2024-03-07,Events,Security Compliance Push,North America,13821.95,230365,6407,225
2025-06-08,Google Ads,Q4 Renewal Push,North America,5126.06,640757,13854,152
2024-09-14,LinkedIn,Q4 Renewal Push,EMEA,6156.31,342017,9164,163
2024-12-23,Google Ads,Partner Co-Marketing,APAC,10784.14,1348017,52473,1208
2024-05-10,Webinars,Q3 Product Launch,North America,3652.09,146083,5689,424
2024-03-10,Content,Q3 Product Launch,APAC,1158.35,231670,1847,22
2025-10-30,Email,Security Compliance Push,EMEA,329.37,164685,5192,76
2024-02-27,Content,Security Compliance Push,EMEA,2613.28,522656,7591,376
2024-06-12,Email,Cloud Migration Series,LATAM,627.45,313725,7617,116
2025-09-28,Webinars,Industry Vertical Focus,North America,4240.73,169629,6331,127
2024-10-10,Events,Security Compliance Push,North America,18819.64,313660,7694,158
2025-02-03,Email,Industry Vertical Focus,North America,554.67,277335,5009,397
2024-11-01,Google Ads,Q3 Product Launch,North America,4944.14,618017,22342,1233
2024-08-07,Google Ads,AI Solutions Roadshow,North America,7522.27,940283,25166,314
2024-11-08,Webinars,Partner Co-Marketing,North America,3300.15,132006,1653,71
2024-06-01,Events,AI Solutions Roadshow,North America,17333.72,288895,2011,151
2026-03-08,LinkedIn,Q1 Brand Awareness,EMEA,7411.92,411773,5466,396
2025-02-28,Content,Q3 Product Launch,North America,1464.94,292988,5661,272
2024-02-01,LinkedIn,Cloud Migration Series,EMEA,6155.39,341966,2069,34
2024-09-06,Google Ads,Cloud Migration Series,LATAM,7805.62,975702,5299,349
2024-08-09,Events,Security Compliance Push,North America,19250.6,320843,1992,82
2024-06-13,LinkedIn,Q2 Lead Gen,North America,7653.58,425198,10554,654
2025-04-28,LinkedIn,AI Solutions Roadshow,EMEA,3136.59,174255,1023,69
2024-11-19,Content,Annual Summit,EMEA,2501.63,500326,19991,355
2024-06-20,Events,Q2 Lead Gen,EMEA,4920.74,82012,1147,31
2024-02-25,Google Ads,Q4 Renewal Push,APAC,5214.1,651762,21200,1551
2024-07-07,Email,Q3 Product Launch,North America,828.56,414280,4160,94
2025-08-24,Email,Q2 Lead Gen,North America,1257.69,628845,23756,1452
2025-08-20,Email,Annual Summit,EMEA,890.98,445490,15364,1103
2025-01-19,Events,Q1 Brand Awareness,North America,8306.53,138442,3800,131
2024-04-06,Google Ads,Q3 Product Launch,EMEA,3157.47,394683,8405,565
2026-01-07,Events,Q1 Brand Awareness,LATAM,17800.84,296680,4290,146
2025-12-09,Email,Industry Vertical Focus,EMEA,463.29,231645,1458,25
2025-08-11,Content,Q2 Lead Gen,North America,2832.34,566468,14360,989
2024-06-23,Webinars,Partner Co-Marketing,APAC,4376.65,175065,5183,317
2026-04-01,Events,AI Solutions Roadshow,North America,15475.25,257920,8431,620
2025-06-10,Content,AI Solutions Roadshow,North America,1712.66,342532,13690,1006
2025-05-27,Events,Annual Summit,North America,9769.3,162821,3727,97
2026-04-20,Content,Partner Co-Marketing,LATAM,2944.13,588826,5201,63
2024-10-25,Events,Industry Vertical Focus,North America,13193.92,219898,1435,54
2026-01-24,Content,Partner Co-Marketing,APAC,2444.48,488896,18570,447
2025-09-14,Content,Q3 Product Launch,APAC,2485.02,497004,19526,576
2024-10-02,Events,AI Solutions Roadshow,North America,22935.34,382255,2434,51
2024-08-17,Events,Partner Co-Marketing,North America,10066.96,167782,1939,116
2024-01-10,Google Ads,Q2 Lead Gen,LATAM,4313.3,539162,16412,952
2026-01-30,Google Ads,Q1 Brand Awareness,North America,5556.99,694623,24834,1571
2024-01-03,LinkedIn,Q1 Brand Awareness,North America,5536.78,307598,4215,128
2026-01-01,Webinars,Security Compliance Push,North America,1271.53,50861,262,12
2025-08-08,Events,Q2 Lead Gen,North America,7086.93,118115,3890,45
2024-04-04,Webinars,Industry Vertical Focus,APAC,3089.77,123590,4166,82
2025-05-21,Google Ads,Security Compliance Push,EMEA,7986.93,998366,23579,1512
2026-01-14,Webinars,Industry Vertical Focus,North America,911.35,36454,1196,40
2025-07-10,LinkedIn,Partner Co-Marketing,North America,8999.82,499990,9298,119
2024-01-24,Events,Industry Vertical Focus,EMEA,17938.5,298975,4100,75
2024-04-09,Content,Q4 Renewal Push,LATAM,797.96,159592,1334,95
2024-11-21,LinkedIn,Industry Vertical Focus,EMEA,4459.54,247752,3485,157
2026-02-16,Events,Annual Summit,North America,5148.89,85814,2339,155
2025-11-11,LinkedIn,Q2 Lead Gen,North America,4132.38,229576,3069,119
2024-01-31,Webinars,Cloud Migration Series,North America,2903.13,116125,3007,89
2025-12-21,Email,AI Solutions Roadshow,North America,509.79,254895,1753,24
2024-05-21,Email,Q1 Brand Awareness,APAC,1224.12,612060,14608,239
